query,value
oculus quest,116050
verizon,103550
att lg v40,81000
lg v40 thinq price,78150
iphone xs max issues,67000
lg v40 thinq release date,62850
pixel 3,62500
best wireless charger for iphone xs,58450
lg v40 case,58000
htc 10 screen replacement,54350
how to screenshot on lg aristo 2,52850
lg v20 specs,52600
lg v40 thinq review,46850
metro pcs phones,37050
htc u ultra,33050
best iphone xr cases,31600
iphone xr release date,31400
android messages on pc,30350
iphone xs max not charging,27500
is animoji on iphone 8 plus,26900
samsung galaxy j3 luna pro case,26450
how to screenshot on lg k20,26300
best iphone xs max apps,25800
google pixel 3 xl,25100
iphone xs max tips and tricks,24950
best iphone shortcuts,22950
lg v40 vs note 9,22400
how to print text messages from android,20150
android pie gestures,19900
iphone 7 wallpaper size,19750
iphone 8 plus straight talk walmart,19550
google pixel 3,19400
lg v20 release date,17500
lg v40,17500
pixel 3 xl vs iphone xs max,17250
best apps for iphone xs max,17150
venom wallpaper iphone x,16750
samsung galaxy s9,14400
iphone7,13650
fortnite download android beta link,13300
iphone xs max charging issue,13150
happy boss day messages,12050
lg rebel 4,11650
how long is the iphone se,11650
android update october 2018,11600
iphone xs charging issue,11550
note 9 cloud silver,11450
samsung 82-inch qled tv,11000
samsung gear sport battery drain,10800
apple barrel country store,10350
lg v40 review,10000
iphone xs charging issues,9800
how do you screenshot on iphone 10,9350
how to find photos in icloud,8900
how to screen record on iphone xs max,8700
itunes could not connect to this iphone. you do not have permission,8500
how to screen record on iphone 6s,8450
how to find subscriptions on iphone 6,8450
best games for iphone xs max,8450
how to turn off iphone x,8400
is the samsung galaxy s7 waterproof,7800
how to delete apps on iphone 8 plus,7600
iphone 8 plus earphones,7350
when is iphone xr available,7300
lg v30 screen replacement,6850
how to reduce icloud storage,6700
htc exodus,6550
how to charge an iphone without a charger,6400
how to hard reset iphone xs max,6050
iphone xs max backgrounds,5950
buy 1 get 1 free iphone,5750
how to display battery percentage on iphone xs max,5700
how to screen shot on iphone xs max,5700
problems with iphone xs max,5700
iphone xs max screen replacement,5650
iphone xs max wifi issues,5600
how to turn off the iphone xs max,5600
iphone xs max picture quality,5550
my lg tv wont connect to wifi,5500
iphone xs max brasil,5450
lg rebel 3 phone case,5100
iphone 8 plus cases for girls,5100
lg 86 inch tv,4900
boss day card messages,4900
lg g7 thinq review,4750
iphone xs max charging problem,4650
samsung note 9 stylus replacement,4600
rick and morty iphone x wallpaper,4550
how to cancel an itunes subscription,4300
how to get your music on itunes,4300
new emoji 2018,4300
how do you buy music on itunes,4250
icl,4250
where is find my iphone located,4200
does find my iphone work on airplane mode,4200
findmyphone,4150
best iphone xs max wallpaper,3900
best keto app for iphone,3800
samsung tv turns off by itself,3650
how to restart iphone xs max,3450
how to clear messages from messenger,3400
lg hbs 910,3400
how to save text messages from iphone,3350
iphone xs charging problem,3350
lg watch w7,3300
lg 27mu88-w,3250
fr legends android,3200
iphone xs connectivity issues,2850
iphone xs max wont turn on,2800
how to sync apple watch to new iphone,2750
iphone xs max bluetooth issues,2700
iphone xs max 256gb price,2700
boss day thank you messages,2450
transfer itunes library to new computer,2250
ffxiv screenshot folder,2150
how to stop itunes from opening when iphone is connected,2150
unable to connect to itunes purchases,2150
how to approve iphone on icloud,2150
how to take a screenshot on samsung galaxy s8,2150
how to cancel subscriptions in itunes,2100
how to screenshot a snapchat story without them knowing,2100
how to erase iphone with itunes,2050
presidential alert iphone,1900
apple event october 2018,1650
lg v40 thinq,1650
estufa lg,1600
romantic good night messages,1600
northpoint messages,1600
iphone xs issues,1600
boss day messages sample,1550
funny diaper messages,1550
pixel 3 xl vs note 9,1500
how to reset iphone xs,1250
export text messages from android,1250
airdrop for android,1250
how to screenshot on iphone xs max,1150
pair apple watch with new iphone,1100
kavanaugh text messages,1100
iphone xs max vs pixel 3 xl,1100
iphone xs max problems,1050
galaxy a9,1050
apple october event,1050
samsung a9,1000
is iphone xs max waterproof,1000
iphone x max commercial song,1000
lg v40 price,950
best apps for iphone xs,850
best wireless charger for iphone xs max,800
big apple circus,800
iphone xs max background,800
pixel 3 vs note 9,750
apple iphone xr review,750
best screen protector for iphone xs max,750
google pixel 3 vs samsung s9,750
iphone xs max wallpaper 4k,700
samsung galaxy a9 2018,700
how to screenshot on xs max,700
iphone x no charger,700
iphone charger not working,700
samsung galaxy a9,700
hard reset iphone xs max,650
samsung 43 smart tv,650
iphone xs not charging,650
iphone xs wallpaper 4k,650
screenshot on iphone xs max,650
iphone xs problems,650
lg v40 verizon,650
iphone xs tips and tricks,650
snapchat iphone xs max,600
razer phone 2,600
pixel 3 vs samsung s9,600
how to block a number on lg,600
note 9 silver,600
pixel 3 xl,550
syncing messages android,550
how to clear icloud storage,550
itunes for chromebook,550
screenshot on xs max,550
how to reset iphone xs max,550
itunes customer support number,550
new emojis 2018 iphone,550
how to pair apple watch with new iphone,550
animoji for android,550
htc connect,550
lg dishwasher error code,550
lg v30 specs,550
sprint store,500
videoder android apk,500
syncing messages temporary background processing,500
battery percentage on iphone xs max,500
video der android apk,500
iphone xs vs pixel 3,500
how to take a screenshot on iphone xs,500
how to screenshot on iphone xs,500
lg signature tv,500
my iphone wont charge,450
phone cases for lg stylo 4,450
citra android,450
lg phoenix 4,450
lg v30 release date,450
xs max screenshot,450
touch input blocked note 9,450
iphone xs max screenshot,450
is the iphone xs max waterproof,450
samsung galaxy j3 v 3rd gen,450
google pixel 3 vs iphone xs,450
boost mobile,450
iphone xe,450
best podcast app iphone,400
gmail new account,400
new emojis,400
setting up new iphone,400
is the samsung galaxy s9 waterproof,400
itunes could not connect to this iphone you do not have permission,400
venom wallpaper iphone,400
best iphone xr color,400
videoder apk,400
fortnite .com android,400
lasrs.statres.com app for android,400
apple crisps recipe,400
the carter 5,400
how to screenshot on this phone,400
iphone xs max show battery percentage,400
samsung galaxy sol 3,400
newest samsung tablet,350
wallpaper iphone xs max,350
halloween iphone wallpaper,350
iphone xr phone case,350
iphone cr,350
iphone xr reviews,350
iphone 7 plus price,350
syncing messages,350
halloween wallpaper,350
iphone xs max wallpaper,350
samsung frame tv 55,350
screenshot on xs,350
how to get the new iphone emojis,350
new emojis iphone,350
transfer contacts to new iphone,350
how to screenshot iphone xs,350
apple silicone case iphone x,350
how to screenshot on xs,350
screenshot on iphone xs,350
lg g40,350
how to delete apps on iphone 7,350
lg g6 price,350
lg v40 specs,350
my lg health,350
how to transfer contacts to new iphone,300
how to use apple pay on iphone x,300
screenshot iphone xs,300
how do you screenshot on iphone xs,300
new features on iphone x,300
iphone xr launch date,300
iphone xr pre order date,300
best weather app for iphone,300
spooky wallpaper iphone,300
fortnight,300
how to block text messages on iphone,300
pixel 3 vs galaxy s9,300
iphone xr screen protector,300
screenshot xs,300
android emergency alerts,250
videoder,250
cute iphone 8 plus cases,250
how to screenshot on lg stylo 4,250
how to transfer data to new iphone,250
how to set up a new iphone,250
how to pair apple watch to new iphone,250
how to screenshot on the iphone x,250
iphone xs max,250
punkcase note 9,250
wedding thank you messages,250
can you retrieve deleted text messages on iphone,250
battery percentage on iphone xs,250
best case for iphone xs,250
kate spade iphone 7 plus case,250
samsung galaxy a6,250
iphone xr cases,250
how to screenshot on iphone x,250
lg v40 release date,250
samsung galaxy s9 screen replacement,250
how do you delete facebook messages,250
how to reset apple id password on iphone,250
lg 49 inch smart tv,250
best apples for apple pie,250
apple harvest festival,250
apple cider donuts near me,250
lg g7 vs v40,250
lg v40 release,250
samsung galaxy j3 star,250
how to set up new iphone,250
how to update itunes on mac,250
how long is the iphone 7 plus,250
difference between iphone x and xs,250
how to update apps on android,250
iphone xr preorder,250
when does the iphone xr come out,200
iphone xr case,200
how to log out of messages on mac,200
memoji iphone 8,200
new update iphone,200
cute iphone xs max cases,200
transfer data to new iphone,200
icloud .com,200
iphone xr color options,200
iphone xr deals,200
gazelle,200
iphone 6 unlocked new,200
how to get more icloud storage,200
how to retrieve photos from icloud,200
iphone max wallpaper,200
yellow iphone 8 plus case,200
how to take a screenshot on iphone x,200
how to take screenshot on iphone x,200
how to view icloud photos on iphone,200
how to take a screenshot on lg,200
cases for lg stylo 4,200
spdate com messages,200
lg refrigerator filters,200
how much is a samsung galaxy s8,200
samsung g2 watch,200
how to get fortnite on any android,200
how to check itunes purchases,200
how to restore iphone without itunes,200
apple watch find my iphone,200
how to update lg smart tv,200
iphone xs fast charger,200
samsung galaxy kids tablet,200
louis vuitton iphone xs max case,200
best wireless charger for iphone x,200
whats the difference between the iphone xs and xr,190
free music download app for android,190
android pie note 9,190
best cases for iphone xs max,190
new iphone update problems,190
how to recover icloud password,180
how to restore deleted text messages,180
iphone x s max case,180
lg v30,180
best case for iphone xs max,180
how to use apple pay,180
best iphone max case,180
does apple replace iphone chargers,180
best screen protector for iphone x,180
tmobile login,180
messenger says i have messages,180
samsung tv repair near me,180
findmyiphone,180
htc vive pro,180
iphone xr release,180
halloween wallpaper iphone,180
summertime saga android,180
how to take a screenshot on android,180
samsung a7,170
best iphone xs max cases,170
baked apple recipe,170
iphone xr deal,170
note 9 water resistant,170
iphone 6s plus release date,170
best weather app,170
how to take a screenshot on iphone xs max,170
how do i find out what iphone i have,170
iphone se screen replacement,170
memoji iphone 7 plus,170
iphone xr,170
how to take screenshot on android,160
restore iphone without itunes,160
create itunes account,160
note 9 s pen replacement,160
samsung 8k tv,160
itunes support phone number,160
how to backup mac to icloud,160
best buy iphone xs case,160
iphone xs max case,160
iphone 6 s plus,160
lg stylo 4 screen protector,160
fortnite tracker,160
fortnite android compatible list,160
cool iphone 7 plus cases,160
iphone backup failed,160
how to do a screenshot on iphone x,160
new iphone update features,160
how to screenshot on samsung s9,150
htc evo 10,150
samsung galaxy j3 luna pro,150
how to change your icloud password,150
make an icloud account,150
apple butter festival,150
connect apple watch to iphone,150
htc vive wireless,150
samsung galaxy book 2,150
activating new iphone,150
how to transfer to new iphone,150
waze android auto,150
iphone 6s new,150
how do i turn on find my iphone,150
apple warranty check,140
apple crumble recipe,140
apple martin,140
lg v20 xda,140
samsung galaxy a7,140
apple crisp recipes,140
apple cinemas,140
does iphone x case fit iphone xs,140
activate new iphone,140
iphone xr clear case,140
iphone xr launch,140
i phone 7,140
apple charging case,140
best android tv box,140
instagram messenger,140
deleting facebook messages,140
cute good night messages,140
best iphone charger cable,140
show battery percentage iphone xs,140
iphone measure app,140
how to screenshot android,140
att iphone xr,130
i phone 7 plus,130
claires,130
dutch apple pie,130
apple muffins,130
fortnite for android lg,130
how to pair apple watch,130
note 9 update,130
walmart iphone xs max case,130
iphone xs,130
gucci iphone 8 plus case,130
how to find serial number on iphone,130
att,130
apple icloud storage,130
google pixel,130
how do you screenshot on iphone x,130
iphone xr review,130
gta 5 for android,130
apple store,120
itunes help,120
apple pie spice,120
cricket wireless,120
straight talk phones,120
icould,120
iphone xs cases amazon,120
cute fall wallpaper iphone,120
bestbuy,120
samsung galaxy s8 plus specs,120
iphone xs case,120
samsung smart tv remote app,120
how to factory reset an lg phone,120
how to upload pictures to icloud,120
lg 70 inch tv,120
samsung gear s3 battery drain,120
how to contact itunes,120
latest samsung phones,120
itunes contact number,120
how to reset a samsung tablet,120
iphone xs wallpaper,120
how much is the samsung galaxy note 9,110
itunes 12.9,110
lg stylo 4 virgin mobile,110
how to unlock a samsung phone,110
how do i take a screenshot on my mac,110
switch from iphone to android,110
how to unlock samsung galaxy s8,110
apple itunes customer support,110
forgot apple id password,110
how to buy storage on iphone,110
iphone 7 stuck on apple logo,110
samsung galaxy s5 specs,110
samsung galaxy j6,110
best free games for iphone,110
free game apps for android,110
apple farm near me,110
samsung j3 luna pro,110
best screen protector for iphone xs,110
lg g6 screen replacement,110
memoji,110
iphone 8 plus 256gb,110
lg k20 plus,110
how to turn off icloud photo library,110
how to access icloud photos on iphone,110
how long does icloud backup take,110
apple picking near me,110
fortnite android compatible,110
android smartwatch for women,110
current android version,110
how to screenshot on android,110
fortnite.com android,100
how to make apple cider,100
android phone repair near me,100
when did iphone 6s come out,100
apple watch walkie talkie,100
how to delete messages on instagram,100
how to find wifi password on iphone,100
82 inch samsung qled tv,100
samsung account sign in,100
how much is an iphone 8 plus,100
iphone not showing up in itunes,100
samsung notebook 9 pro,100
iforgot apple password,100
iphone 7 plus review,100
lg flat screen tv,100
lg all in one washer dryer,100
how to find screen time on iphone,100
recipe for apple pie,100
apple crisp recipe,100
samsung galaxy j7 refine,100
lg direct drive washer,100
best cases for iphone xs,100
christmas wallpaper iphone,100
samsung note 9 vs iphone xs max,100
how much does the galaxy note 9 cost,100
how to manually backup iphone,100
samsung galaxy s8 screenshot,100
airpods for android,100
apple pie recipe,100
best apple pie recipe,90
samsung wall tv,90
iphone 8 plus silver,90
iphone xs max battery case,90
apple music,90
lg stylo 4 charger,90
lg oled 65,90
difference between note 8 and note 9,90
how to find imei on iphone,90
samsung s3 frontier,90
samsung 60 inch tv,90
note 9 or iphone xs max,90
how to pair apple watch to iphone,90
iphone 8 plus space grey,90
best android tablet,90
amazon iphone 7 plus case,90
iphone 8 plus vs iphone 7 plus,90
samsung galaxy j7 v,90
best buy iphone 6 plus,90
how to screenshot galaxy note 9,90
verizon wireless,90
do airpods work with android,90
fortnite installer,90
iphone 6s dimensions,90
how to select all photos in icloud,90
lg stylo 3 case,90
how to screenshot on samsung phone,90
iphone 6s price,90
connect samsung phone to tv,80
samsung galaxy j7 review,80
lg stylo 4,80
iphone 6s not charging,80
video call samsung s9,80
oculus rift,80
long iphone charger,80
iphone x max cases,80
iphone deals,80
how do i access my icloud photos,80
at&t,80
screen protector,80
best buy iphone xs,80
samsung fitness watch,80
samsung tv wall mount,80
samsung 40 inch smart tv,80
tmobile,80
samsung galaxy j3 achieve,80
how to reset iphone 8 plus,80
samsung screen repair,80
iphone 6s charging case,80
how to connect apple watch to iphone,80
iphone 8plus cases,80
iphone watch bands,80
kate spade,80
iphone xs charger,80
samsung gear fit 3,80
restore photos from icloud,80
how to screenshot on iphone,80
how to show battery percentage on iphone x,80
samsung smart watch for men,80
what is icloud drive,80
battery percentage iphone x,80
iphone store near me,80
iphone 8 plus headphones,80
apple iphone support number,80
tub clean lg washer,70
lg washer ie code,70
how to transfer contacts from android to iphone,70
adult android games,70
iphone 8 plus boost mobile,70
at&t samsung galaxy s9,70
factory reset lg phone,70
iphone 8 plus screen repair,70
samsung j7 specs,70
samsung j7 star,70
sa,70
best iphone wireless charger,70
best buy iphone xs max case,70
lg stylo 4 boost mobile,70
costco samsung tv,70
newest samsung phone,70
galaxy note 9 vs iphone xs max,70
samsung smart tv wont connect to wifi,70
apple id,70
iphone 8 plus battery size,70
samsung galaxy note 4 battery,70
how to take a screenshot on note 9,70
best buy iphone 8 plus,70
samsung gear iconx 2018,70
lifeproof case iphone 8 plus,70
how to screenshot on samsung galaxy s8,70
samsung kids tablet,70
how do i backup my iphone 7,70
refurbished iphone 7 plus,70
find my friends iphone,70
best iphone xs case,70
how to screenshot iphone x,70
apple watch,70
best buy iphone xs max,70
how to find subscriptions on iphone,70
do iphone 7 cases fit iphone 8,70
iphone x max,70
when did the iphone 6s come out,70
when did the iphone 6 come out,70
iphone se unlocked,70
home depot lg refrigerator,70
iphone 7 vs 6s,70
find my phone samsung,60
samsung fast wireless charger,60
cheap iphone 8 plus,60
iphone se,60
lg 75 inch tv,60
iphone 7 plus red,60
how much is the iphone 6s,60
samsung gear s3 frontier smartwatch,60
samsung 82 qled tv,60
samsung find my mobile,60
when does fortnite come on android,60
iphone backup extractor,60
best iphone xs max case,60
samsung j7 refine,60
samsung 65 inch curved tv,60
samsung 80 inch tv,60
65 inch samsung smart tv,60
how to screenshot on a samsung j7,60
iphone 6s plus boost mobile,60
samsung galaxy watch review,60
iphone 6s ios 12,60
wireless charger for iphone,60
usb c,60
iphone xs max wallet case,60
best buy,60
lg dryer repair,60
lg washer ue code,60
iphone xs live wallpaper,60
lg stylo 4 cases,60
how to screenshot on galaxy s9,60
iphone 8 plus price verizon,60
iphone wallpaper high quality,60
iphone 8 plus back glass,60
lg aristo 2 cases,60
iphone se for sale,60
find my device,60
best casino games for android,60
iphone x max wallpaper,60
4k iphone wallpaper,50
samsung electric range,50
how to transfer from android to iphone,50
samsung s9 screen repair,50
lg stylo 3 specs,50
transfer data from android to iphone,50
autumn iphone wallpaper,50
lg stylo 4 specs,50
samsung uhd tv 65,50
samsung s10 plus,50
apple store near me,50
how to enable find my iphone,50
samsung 55 inch smart tv,50
how to find my android phone,50
metro pcs,50
roku tv,50
how accurate is find my iphone,50
how to find out which iphone i have,50
fortnite android installer,50
how to set up find my iphone,50
lg tv remote app,50
adult games for android,50
lg g6 specs,50
new samsung tablet,50
htc desire 530,50
michael kors watch,50
download fortnite on android phone,50
kate spade iphone cases,50
lifeproof,50
iphone xs vs samsung s9,50
how to backup contacts on iphone,50
where is backup on iphone,50
iphone 6 plus screen replacement,50
samsung galaxy s7 cases,50
lg aristo 2 plus,50
fortnite app android,50
how to find deleted messages on iphone,50
iphone x max camera,50
best iphone xs cases,50
samsung washer not draining,50
samsung adaptive fast charger,50
iphone 6 plus battery replacement,50
iphone x max gold,50
iphone x max case,50
t mobile,40
best phones 2018,40
samsung galaxy s9 review,40
metropcs,40
unlocked samsung galaxy s7,40
iphone xs wallet case,40
phone cases for iphone 6,40
galaxy s9 charging cable,40
screenshot on samsung s9,40
samsung uhd tv 6 series,40
iphone x,40
samsung galaxy j7,40
samsung refrigerator,40
samsung s8 camera,40
how to reset iphone se,40
iphone 7 plus 128gb,40
lg stylo 3 plus,40
samsung galaxy s7 edge unlocked,40
cases for iphone xs,40
best iphone 7 plus cases,40
samsung gear iconx,40
